"Cell","North East","North West","Yorkshire and The Humber","East Midlands","West Midlands","East","London","South East","South West","Wales","Scotland"
"Industry","E12000001","E12000002","E12000003","E12000004","E12000005","E12000006","E12000007","E12000008","E12000009","W92000004","S92000003"
"WA9:1 (Males : Employees )",47181,127982,94466,82647,105698,108280,127182,158988,88675,49131,99130
"WA9:147 (Females : Employees )",41921,115508,83501,71380,90395,93255,120073,139604,80052,44262,88502
"WA9:293 (Persons : Employees )",89102,243490,177967,154027,196093,201535,247255,298592,168727,93393,187632
"WA9:2 (Males : Employees : SIC 0 Agriculture, Forestry and Fishing )",411,1220,1542,1540,1281,2431,237,2389,2007,730,2686
"WA9:148 (Females : Employees : SIC 0 Agriculture, Forestry and Fishing )",114,478,533,639,545,1105,87,1165,880,357,579
"WA9:294 (Persons : Employees : SIC 0 Agriculture, Forestry and Fishing )",525,1698,2075,2179,1826,3536,324,3554,2887,1087,3265
"WA9:3 (Males : Employees : SIC 01 Agriculture and horticulture )",379,1180,1415,1516,1239,2347,230,2274,1883,633,1911
"WA9:149 (Females : Employees : SIC 01 Agriculture and horticulture )",112,469,514,634,539,1086,81,1139,851,346,439
"WA9:295 (Persons : Employees : SIC 01 Agriculture and horticulture )",491,1649,1929,2150,1778,3433,311,3413,2734,979,2350
"WA9:4 (Males : Employees : SIC 02 Forestry )",15,27,45,18,34,46,6,87,71,90,258
"WA9:150 (Females : Employees : SIC 02 Forestry )",1,6,10,3,6,12,3,21,23,8,76
"WA9:296 (Persons : Employees : SIC 02 Forestry )",16,33,55,21,40,58,9,108,94,98,334
"WA9:5 (Males : Employees : SIC 03 Fishing )",17,13,82,6,8,38,1,28,53,7,517
"WA9:151 (Females : Employees : SIC 03 Fishing )",1,3,9,2,0,7,3,5,6,3,64
"WA9:297 (Persons : Employees : SIC 03 Fishing )",18,16,91,8,8,45,4,33,59,10,581
"WA9:6 (Males : Employees : SIC 1 Energy and Water Supply Industries )",2464,4447,4679,4132,2731,2526,2205,3735,2275,2268,4809
"WA9:152 (Females : Employees : SIC 1 Energy and Water Supply Industries )",380,1139,745,618,731,677,987,1069,696,409,1013
"WA9:298 (Persons : Employees : SIC 1 Energy and Water Supply Industries )",2844,5586,5424,4750,3462,3203,3192,4804,2971,2677,5822
"WA9:7 (Males : Employees : SIC 11 Coal extraction & manufacture of solid fuels )",1090,346,2359,2325,809,11,13,11,10,510,301
"WA9:153 (Females : Employees : SIC 11 Coal extraction & manufacture of solid fuels )",45,11,150,134,46,1,15,5,0,32,12
"WA9:299 (Persons : Employees : SIC 11 Coal extraction & manufacture of solid fuels )",1135,357,2509,2459,855,12,28,16,10,542,313
"WA9:8 (Males : Employees : SIC 12 Coke ovens )",0,6,27,32,1,0,4,2,0,36,2
"WA9:154 (Females : Employees : SIC 12 Coke ovens )",0,1,1,2,0,1,1,0,0,1,0
"WA9:300 (Persons : Employees : SIC 12 Coke ovens )",0,7,28,34,1,1,5,2,0,37,2
"WA9:9 (Males : Employees : SIC 13 Extraction of mineral oil & natural gas )",361,192,175,71,31,371,357,408,94,66,2400
"WA9:155 (Females : Employees : SIC 13 Extraction of mineral oil & natural gas )",8,15,7,5,12,81,211,118,4,3,455
"WA9:301 (Persons : Employees : SIC 13 Extraction of mineral oil & natural gas )",369,207,182,76,43,452,568,526,98,69,2855
"WA9:10 (Males : Employees : SIC 14 Mineral oil processing )",44,153,170,44,85,183,145,227,63,285,153
"WA9:156 (Females : Employees : SIC 14 Mineral oil processing )",9,29,28,11,27,34,75,31,23,18,26
"WA9:302 (Persons : Employees : SIC 14 Mineral oil processing )",53,182,198,55,112,217,220,258,86,303,179
"WA9:11 (Males : Employees : SIC 15 Nuclear fuel production )",1,1209,4,2,2,1,1,5,2,38,7
"WA9:157 (Females : Employees : SIC 15 Nuclear fuel production )",0,273,0,0,1,0,2,4,0,8,1
"WA9:303 (Persons : Employees : SIC 15 Nuclear fuel production )",1,1482,4,2,3,1,3,9,2,46,8
"WA9:12 (Males : Employees : SIC 16 Production & distribution of electricity, gas & other forms of energy )",790,1937,1540,1290,1373,1503,1384,2286,1576,984,1663
"WA9:158 (Females : Employees : SIC 16 Production & distribution of electricity, gas & other forms of energy )",262,666,437,373,490,430,629,682,497,254,468
"WA9:304 (Persons : Employees : SIC 16 Production & distribution of electricity, gas & other forms of energy )",1052,2603,1977,1663,1863,1933,2013,2968,2073,1238,2131
"WA9:13 (Males : Employees : SIC 17 Water supply industry )",178,604,404,368,430,457,301,796,530,349,283
"WA9:159 (Females : Employees : SIC 17 Water supply industry )",56,144,122,93,155,130,54,229,172,93,51
"WA9:305 (Persons : Employees : SIC 17 Water supply industry )",234,748,526,461,585,587,355,1025,702,442,334
"WA9:14 (Males : Employees : SIC 2 Extraction of Minerals and Ores other than Fuels; Manuf of Metals, Mineral Products & Chemicals )",3701,7702,6669,4227,6703,3340,1834,4557,2709,3780,3205
"WA9:160 (Females : Employees : SIC 2 Extraction of Minerals and Ores other than Fuels; Manuf of Metals, Mineral Products & Chemicals )",708,2472,1559,1486,2652,1333,1075,2418,863,710,884
"WA9:306 (Persons : Employees : SIC 2 Extraction of Minerals and Ores other than Fuels; Manuf of Metals, Mineral Products & Chemicals )",4409,10174,8228,5713,9355,4673,2909,6975,3572,4490,4089
"WA9:15 (Males : Employees : SIC 21 Extraction & preparation of metalliferous ores )",0,11,38,7,4,4,5,8,25,6,3
"WA9:161 (Females : Employees : SIC 21 Extraction & preparation of metalliferous ores )",1,4,1,4,0,0,3,3,3,1,0
"WA9:307 (Persons : Employees : SIC 21 Extraction & preparation of metalliferous ores )",1,15,39,11,4,4,8,11,28,7,3
"WA9:16 (Males : Employees : SIC 22 Metal manufacturing )",893,798,2563,805,2310,268,226,427,274,2126,743
"WA9:162 (Females : Employees : SIC 22 Metal manufacturing )",69,157,319,101,446,66,76,113,48,164,102
"WA9:308 (Persons : Employees : SIC 22 Metal manufacturing )",962,955,2882,906,2756,334,302,540,322,2290,845
"WA9:17 (Males : Employees : SIC 23 Extraction of minerals, nes )",146,189,205,356,169,144,27,161,635,229,211
"WA9:163 (Females : Employees : SIC 23 Extraction of minerals, nes )",17,26,47,62,42,17,2,41,82,21,28
"WA9:309 (Persons : Employees : SIC 23 Extraction of minerals, nes )",163,215,252,418,211,161,29,202,717,250,239
"WA9:18 (Males : Employees : SIC 24 Manufacture of non-metallic mineral products )",552,1776,1635,1574,3088,970,340,1155,780,490,824
"WA9:164 (Females : Employees : SIC 24 Manufacture of non-metallic mineral products )",123,394,332,451,1763,210,123,328,224,129,214
"WA9:310 (Persons : Employees : SIC 24 Manufacture of non-metallic mineral products )",675,2170,1967,2025,4851,1180,463,1483,1004,619,1038
"WA9:19 (Males : Employees : SIC 25 Chemical industry )",2038,4912,2103,1480,1127,1953,1233,2802,856,858,1419
"WA9:165 (Females : Employees : SIC 25 Chemical industry )",484,1876,839,863,399,1040,871,1932,499,387,538
"WA9:311 (Persons : Employees : SIC 25 Chemical industry )",2522,6788,2942,2343,1526,2993,2104,4734,1355,1245,1957
"WA9:20 (Males : Employees : SIC 26 Production of man-made fibres )",72,16,125,5,5,1,3,4,139,71,5
"WA9:166 (Females : Employees : SIC 26 Production of man-made fibres )",14,15,21,5,2,0,0,1,7,8,2
"WA9:312 (Persons : Employees : SIC 26 Production of man-made fibres )",86,31,146,10,7,1,3,5,146,79,7
"WA9:21 (Males : Employees : SIC 3 Metal goods, Engineering & Vehicles Industries )",7149,21131,13007,14593,27607,16656,8740,21536,13497,7201,12029
"WA9:167 (Females : Employees : SIC 3 Metal goods, Engineering & Vehicles Industries )",1753,5129,2799,3261,7842,4933,3037,6958,3601,2487,3173
"WA9:313 (Persons : Employees : SIC 3 Metal goods, Engineering & Vehicles Industries )",8902,26260,15806,17854,35449,21589,11777,28494,17098,9688,15202
"WA9:22 (Males : Employees : SIC 31 Manuf. of metal goods, nes )",792,2224,2488,1882,6644,1528,957,1675,1161,882,1269
"WA9:168 (Females : Employees : SIC 31 Manuf. of metal goods, nes )",168,553,654,411,2230,407,302,491,328,209,247
"WA9:314 (Persons : Employees : SIC 31 Manuf. of metal goods, nes )",960,2777,3142,2293,8874,1935,1259,2166,1489,1091,1516
"WA9:23 (Males : Employees : SIC 32 Mechanical engineering )",3075,7935,6076,6532,8291,5381,2412,6084,4321,1882,4622
"WA9:169 (Females : Employees : SIC 32 Mechanical engineering )",514,1481,1015,1144,1893,1021,670,1490,918,314,670
"WA9:315 (Persons : Employees : SIC 32 Mechanical engineering )",3589,9416,7091,7676,10184,6402,3082,7574,5239,2196,5292
"WA9:24 (Males : Employees : SIC 33 Manuf. of office machinery & DP equipment )",76,667,193,251,515,785,698,2151,297,176,860
"WA9:170 (Females : Employees : SIC 33 Manuf. of office machinery & DP equipment )",21,245,85,78,221,282,251,848,100,147,376
"WA9:316 (Persons : Employees : SIC 33 Manuf. of office machinery & DP equipment )",97,912,278,329,736,1067,949,2999,397,323,1236
"WA9:25 (Males : Employees : SIC 34 Electrical & electronic engineering )",1639,3786,1434,2522,3690,3994,2566,6162,2688,2089,2553
"WA9:171 (Females : Employees : SIC 34 Electrical & electronic engineering )",800,1746,548,994,1850,2134,1297,2807,1234,1400,1467
"WA9:317 (Persons : Employees : SIC 34 Electrical & electronic engineering )",2439,5532,1982,3516,5540,6128,3863,8969,3922,3489,4020
"WA9:26 (Males : Employees : SIC 35 Manufacture of motor vehicles & parts thereof )",754,2881,1242,1013,6838,2476,1162,1915,807,1128,327
"WA9:172 (Females : Employees : SIC 35 Manufacture of motor vehicles & parts thereof )",96,472,186,173,1199,368,198,316,93,216,53
"WA9:318 (Persons : Employees : SIC 35 Manufacture of motor vehicles & parts thereof )",850,3353,1428,1186,8037,2844,1360,2231,900,1344,380
"WA9:27 (Males : Employees : SIC 36 Manufacture of other transport equipment )",672,3089,1216,2059,1241,1783,533,2375,3350,773,2056
"WA9:173 (Females : Employees : SIC 36 Manufacture of other transport equipment )",40,393,168,299,194,337,125,367,444,117,172
"WA9:319 (Persons : Employees : SIC 36 Manufacture of other transport equipment )",712,3482,1384,2358,1435,2120,658,2742,3794,890,2228
"WA9:28 (Males : Employees : SIC 37 Instrument engineering )",141,549,358,334,388,709,412,1174,873,271,342
"WA9:174 (Females : Employees : SIC 37 Instrument engineering )",114,239,143,162,255,384,194,639,484,84,188
"WA9:320 (Persons : Employees : SIC 37 Instrument engineering )",255,788,501,496,643,1093,606,1813,1357,355,530
"WA9:29 (Males : Employees : SIC 4 Other Manufacturing Industries )",4216,16038,12015,12114,10273,10915,9375,12113,8753,4753,9736
"WA9:175 (Females : Employees : SIC 4 Other Manufacturing Industries )",3566,10960,9298,10595,7354,6562,6646,6783,4981,3314,7623
"WA9:321 (Persons : Employees : SIC 4 Other Manufacturing Industries )",7782,26998,21313,22709,17627,17477,16021,18896,13734,8067,17359
"WA9:30 (Males : Employees : SIC 41 Food, drink & tobacco manufacturing industries )",1193,4301,3655,2951,2654,3304,2016,2610,2689,1356,3610
"WA9:176 (Females : Employees : SIC 41 Food, drink & tobacco manufacturing industries )",955,3025,3235,2093,1860,1888,1199,1413,1512,889,2576
"WA9:322 (Persons : Employees : SIC 41 Food, drink & tobacco manufacturing industries )",2148,7326,6890,5044,4514,5192,3215,4023,4201,2245,6186
"WA9:31 (Males : Employees : SIC 43 Textile industry )",220,1955,2053,2100,634,158,184,185,301,197,1014
"WA9:177 (Females : Employees : SIC 43 Textile industry )",149,1102,1288,2867,503,150,109,137,159,151,1290
"WA9:323 (Persons : Employees : SIC 43 Textile industry )",369,3057,3341,4967,1137,308,293,322,460,348,2304
"WA9:32 (Males : Employees : SIC 44 Manufacture of leather & leather goods )",7,125,97,161,69,45,88,45,96,24,78
"WA9:178 (Females : Employees : SIC 44 Manufacture of leather & leather goods )",8,131,35,136,171,54,51,54,56,20,20
"WA9:324 (Persons : Employees : SIC 44 Manufacture of leather & leather goods )",15,256,132,297,240,99,139,99,152,44,98
"WA9:33 (Males : Employees : SIC 45 Footwear and clothing industries )",275,1500,769,1398,477,418,1026,263,523,195,397
"WA9:179 (Females : Employees : SIC 45 Footwear and clothing industries )",1380,3495,2154,3228,1701,937,1285,685,939,886,1802
"WA9:325 (Persons : Employees : SIC 45 Footwear and clothing industries )",1655,4995,2923,4626,2178,1355,2311,948,1462,1081,2199
"WA9:34 (Males : Employees : SIC 46 Timber & wooden furniture industries )",812,2102,1972,1636,1592,1672,966,1992,1387,935,1349
"WA9:180 (Females : Employees : SIC 46 Timber & wooden furniture industries )",233,577,556,425,463,507,268,546,363,291,287
"WA9:326 (Persons : Employees : SIC 46 Timber & wooden furniture industries )",1045,2679,2528,2061,2055,2179,1234,2538,1750,1226,1636
"WA9:35 (Males : Employees : SIC 47 Manufacture of paper and paper products; printing & publishing )",921,3767,2241,2155,1954,3561,3931,5075,2260,1046,2195
"WA9:181 (Females : Employees : SIC 47 Manufacture of paper and paper products; printing & publishing )",525,1684,1374,1113,1274,2059,3011,2869,1253,480,1108
"WA9:327 (Persons : Employees : SIC 47 Manufacture of paper and paper products; printing & publishing )",1446,5451,3615,3268,3228,5620,6942,7944,3513,1526,3303
"WA9:36 (Males : Employees : SIC 48 Processing of rubber and plastics )",681,2007,949,1413,2409,1366,581,1415,1278,741,937
"WA9:182 (Females : Employees : SIC 48 Processing of rubber and plastics )",196,660,407,475,829,652,315,633,456,368,337
"WA9:328 (Persons : Employees : SIC 48 Processing of rubber and plastics )",877,2667,1356,1888,3238,2018,896,2048,1734,1109,1274
"WA9:37 (Males : Employees : SIC 49 Other manufacturing industries )",107,281,279,300,484,391,583,528,219,259,156
"WA9:183 (Females : Employees : SIC 49 Other manufacturing industries )",120,286,249,258,553,315,408,446,243,229,203
"WA9:329 (Persons : Employees : SIC 49 Other manufacturing industries )",227,567,528,558,1037,706,991,974,462,488,359
"WA9:38 (Males : Employees : SIC 5 Construction )",5740,10996,8846,6417,7792,7908,9137,11947,6566,4794,12499
"WA9:184 (Females : Employees : SIC 5 Construction )",565,1637,1134,1080,1413,1480,1626,2349,1169,502,1459
"WA9:330 (Persons : Employees : SIC 5 Construction )",6305,12633,9980,7497,9205,9388,10763,14296,7735,5296,13958
"WA9:39 (Males : Employees : SIC 50 Construction )",5740,10996,8846,6417,7792,7908,9137,11947,6566,4794,12499
"WA9:185 (Females : Employees : SIC 50 Construction )",565,1637,1134,1080,1413,1480,1626,2349,1169,502,1459
"WA9:331 (Persons : Employees : SIC 50 Construction )",6305,12633,9980,7497,9205,9388,10763,14296,7735,5296,13958
"WA9:40 (Males : Employees : SIC 6 Distribution, Hotels and Catering; Repairs )",6069,20090,15317,13383,16495,18267,23119,28201,15612,7092,14202
"WA9:186 (Females : Employees : SIC 6 Distribution, Hotels and Catering; Repairs )",10878,28677,21773,16891,21371,22257,23473,33090,20543,10710,19826
"WA9:332 (Persons : Employees : SIC 6 Distribution, Hotels and Catering; Repairs )",16947,48767,37090,30274,37866,40524,46592,61291,36155,17802,34028
"WA9:41 (Males : Employees : SIC 61 Wholesale distribution (except dealing in scrap and waste materials) )",1598,6112,4899,4653,5679,5749,5201,8070,4541,1921,4164
"WA9:187 (Females : Employees : SIC 61 Wholesale distribution (except dealing in scrap and waste materials) )",653,3208,2344,2338,2868,2751,3030,4220,2000,796,1943
"WA9:333 (Persons : Employees : SIC 61 Wholesale distribution (except dealing in scrap and waste materials) )",2251,9320,7243,6991,8547,8500,8231,12290,6541,2717,6107
"WA9:42 (Males : Employees : SIC 62 Dealing in scrap & waste materials )",59,166,236,119,209,120,100,129,117,100,97
"WA9:188 (Females : Employees : SIC 62 Dealing in scrap & waste materials )",16,24,43,37,42,25,27,30,22,12,21
"WA9:334 (Persons : Employees : SIC 62 Dealing in scrap & waste materials )",75,190,279,156,251,145,127,159,139,112,118
"WA9:43 (Males : Employees : SIC 63 Commission agents )",37,303,195,201,196,368,911,611,148,58,79
"WA9:189 (Females : Employees : SIC 63 Commission agents )",32,189,100,135,140,237,644,379,93,20,41
"WA9:335 (Persons : Employees : SIC 63 Commission agents )",69,492,295,336,336,605,1555,990,241,78,120
"WA9:44 (Males : Employees : SIC 64 Retail distribution )",2762,8469,6528,5439,6442,7949,9935,12347,6314,3017,5620
"WA9:190 (Females : Employees : SIC 64 Retail distribution )",6626,16826,12518,9570,12063,13577,13374,19653,12057,6356,12241
"WA9:336 (Persons : Employees : SIC 64 Retail distribution )",9388,25295,19046,15009,18505,21526,23309,32000,18371,9373,17861
"WA9:45 (Males : Employees : SIC 66 Hotels and catering )",985,3084,2007,1494,2101,2170,5383,4294,2630,1200,2582
"WA9:191 (Females : Employees : SIC 66 Hotels and catering )",3430,8044,6425,4451,5843,5242,6125,8211,5975,3367,5229
"WA9:337 (Persons : Employees : SIC 66 Hotels and catering )",4415,11128,8432,5945,7944,7412,11508,12505,8605,4567,7811
"WA9:46 (Males : Employees : SIC 67 Repair of consumer goods & vehicles )",628,1956,1452,1477,1868,1911,1589,2750,1862,796,1660
"WA9:192 (Females : Employees : SIC 67 Repair of consumer goods & vehicles )",121,386,343,360,415,425,273,597,396,159,351
"WA9:338 (Persons : Employees : SIC 67 Repair of consumer goods & vehicles )",749,2342,1795,1837,2283,2336,1862,3347,2258,955,2011
"WA9:47 (Males : Employees : SIC 7 Transport and Communication )",3932,11251,7787,6307,7485,10848,16573,16532,7336,3962,8774
"WA9:193 (Females : Employees : SIC 7 Transport and Communication )",1023,3323,2368,2077,2584,3588,5773,5867,2215,1011,2402
"WA9:339 (Persons : Employees : SIC 7 Transport and Communication )",4955,14574,10155,8384,10069,14436,22346,22399,9551,4973,11176
"WA9:48 (Males : Employees : SIC 71 Railways )",443,1464,1017,851,766,1058,1321,1799,707,534,1187
"WA9:194 (Females : Employees : SIC 71 Railways )",59,141,127,92,82,144,218,150,56,38,140
"WA9:340 (Persons : Employees : SIC 71 Railways )",502,1605,1144,943,848,1202,1539,1949,763,572,1327
"WA9:49 (Males : Employees : SIC 72 Other inland transport )",1810,4536,3272,2718,3224,3189,4433,3745,2437,1457,3276
"WA9:195 (Females : Employees : SIC 72 Other inland transport )",240,726,547,494,609,654,697,813,472,218,537
"WA9:341 (Persons : Employees : SIC 72 Other inland transport )",2050,5262,3819,3212,3833,3843,5130,4558,2909,1675,3813
"WA9:50 (Males : Employees : SIC 74 Sea transport )",196,307,213,55,40,361,153,853,172,170,508
"WA9:196 (Females : Employees : SIC 74 Sea transport )",12,60,24,10,13,128,93,343,36,28,63
"WA9:342 (Persons : Employees : SIC 74 Sea transport )",208,367,237,65,53,489,246,1196,208,198,571
"WA9:51 (Males : Employees : SIC 75 Air transport )",60,146,34,90,97,415,1179,2140,128,35,278
"WA9:197 (Females : Employees : SIC 75 Air transport )",46,188,23,38,77,190,808,1045,50,23,161
"WA9:343 (Persons : Employees : SIC 75 Air transport )",106,334,57,128,174,605,1987,3185,178,58,439
"WA9:52 (Males : Employees : SIC 76 Supporting services to transport )",223,660,389,214,163,649,531,1136,565,226,605
"WA9:198 (Females : Employees : SIC 76 Supporting services to transport )",23,116,71,70,60,141,187,339,71,26,141
"WA9:344 (Persons : Employees : SIC 76 Supporting services to transport )",246,776,460,284,223,790,718,1475,636,252,746
"WA9:53 (Males : Employees : SIC 77 Misc. transport services & storage, not elsewhere specified )",234,967,769,602,676,1198,1879,1698,530,249,377
"WA9:199 (Females : Employees : SIC 77 Misc. transport services & storage, not elsewhere specified )",208,838,563,508,619,978,1617,1444,441,214,437
"WA9:345 (Persons : Employees : SIC 77 Misc. transport services & storage, not elsewhere specified )",442,1805,1332,1110,1295,2176,3496,3142,971,463,814
"WA9:54 (Males : Employees : SIC 79 Postal services & telecommunications )",966,3171,2093,1777,2519,3978,7077,5161,2797,1291,2543
"WA9:200 (Females : Employees : SIC 79 Postal services & telecommunications )",435,1254,1013,865,1124,1353,2153,1733,1089,464,923
"WA9:346 (Persons : Employees : SIC 79 Postal services & telecommunications )",1401,4425,3106,2642,3643,5331,9230,6894,3886,1755,3466
"WA9:55 (Males : Employees : SIC 8 Banking, Finance, Insurance, Business Services & Leasing )",3487,11107,7008,5839,8287,13929,25253,21708,8918,3222,8323
"WA9:201 (Females : Employees : SIC 8 Banking, Finance, Insurance, Business Services & Leasing )",3738,12551,8423,6926,10069,14737,25542,21782,10767,3846,9592
"WA9:347 (Persons : Employees : SIC 8 Banking, Finance, Insurance, Business Services & Leasing )",7225,23658,15431,12765,18356,28666,50795,43490,19685,7068,17915
"WA9:56 (Males : Employees : SIC 81 Banking and finance )",443,1969,1496,1073,1300,3084,5713,4265,1680,631,1452
"WA9:202 (Females : Employees : SIC 81 Banking and finance )",1108,3643,2631,2190,2799,4190,7099,5694,3124,1230,2730
"WA9:348 (Persons : Employees : SIC 81 Banking and finance )",1551,5612,4127,3263,4099,7274,12812,9959,4804,1861,4182
"WA9:57 (Males : Employees : SIC 82 Insurance, except for compulsory Social Security )",381,1668,898,653,961,2224,2125,3000,1679,441,1453
"WA9:203 (Females : Employees : SIC 82 Insurance, except for compulsory Social Security )",397,1499,856,535,954,2243,1928,2850,1773,375,1408
"WA9:349 (Persons : Employees : SIC 82 Insurance, except for compulsory Social Security )",778,3167,1754,1188,1915,4467,4053,5850,3452,816,2861
"WA9:58 (Males : Employees : SIC 83 Business services )",2048,6011,3649,3245,4775,7411,15236,12658,4556,1597,4239
"WA9:204 (Females : Employees : SIC 83 Business services )",1728,6174,4077,3549,5255,7350,14550,11835,5110,1878,4428
"WA9:350 (Persons : Employees : SIC 83 Business services )",3776,12185,7726,6794,10030,14761,29786,24493,9666,3475,8667
"WA9:59 (Males : Employees : SIC 84 Renting of movables )",301,751,518,495,612,643,736,908,502,335,508
"WA9:205 (Females : Employees : SIC 84 Renting of movables )",146,462,309,293,407,428,470,558,326,145,344
"WA9:351 (Persons : Employees : SIC 84 Renting of movables )",447,1213,827,788,1019,1071,1206,1466,828,480,852
"WA9:60 (Males : Employees : SIC 85 Owning and dealing in real estate )",314,708,447,373,639,567,1443,877,501,218,671
"WA9:206 (Females : Employees : SIC 85 Owning and dealing in real estate )",359,773,550,359,654,526,1495,845,434,218,682
"WA9:352 (Persons : Employees : SIC 85 Owning and dealing in real estate )",673,1481,997,732,1293,1093,2938,1722,935,436,1353
"WA9:61 (Males : Employees : SIC 9 Other Services )",9617,23065,17018,13677,16393,20813,29221,35251,20420,10962,22284
"WA9:207 (Females : Employees : SIC 9 Other Services )",19021,48506,34501,27465,35295,36077,50531,57308,33905,20646,41597
"WA9:353 (Persons : Employees : SIC 9 Other Services )",28638,71571,51519,41142,51688,56890,79752,92559,54325,31608,63881
"WA9:62 (Males : Employees : SIC 91 Public administration, national defence & compulsory Social Services )",3854,8313,6819,5366,5873,8150,10435,15866,10405,4539,9208
"WA9:208 (Females : Employees : SIC 91 Public administration, national defence & compulsory Social Services )",3883,8016,5406,4046,5686,5859,9736,9078,5246,3898,7041
"WA9:354 (Persons : Employees : SIC 91 Public administration, national defence & compulsory Social Services )",7737,16329,12225,9412,11559,14009,20171,24944,15651,8437,16249
"WA9:63 (Males : Employees : SIC 92 Sanitary services )",579,1388,1001,658,1048,1071,1603,1484,814,511,1323
"WA9:209 (Females : Employees : SIC 92 Sanitary services )",594,1419,1303,821,1206,1354,1184,2001,1283,488,927
"WA9:355 (Persons : Employees : SIC 92 Sanitary services )",1173,2807,2304,1479,2254,2425,2787,3485,2097,999,2250
"WA9:64 (Males : Employees : SIC 93 Education )",2164,5210,3836,3303,4040,4038,4584,6266,3618,2369,4631
"WA9:210 (Females : Employees : SIC 93 Education )",4429,11357,8088,7169,9193,9004,10916,14043,7873,4840,10033
"WA9:356 (Persons : Employees : SIC 93 Education )",6593,16567,11924,10472,13233,13042,15500,20309,11491,7209,14664
"WA9:65 (Males : Employees : SIC 94 Research and development )",161,516,119,282,348,951,613,1956,482,107,503
"WA9:211 (Females : Employees : SIC 94 Research and development )",50,212,99,140,151,663,553,951,231,51,298
"WA9:357 (Persons : Employees : SIC 94 Research and development )",211,728,218,422,499,1614,1166,2907,713,158,801
"WA9:66 (Males : Employees : SIC 95 Medical & other health services: Veterinary services )",1176,3048,2113,1531,1927,2037,3485,3174,1824,1444,2499
"WA9:212 (Females : Employees : SIC 95 Medical & other health services: Veterinary services )",5114,14478,9906,7663,9648,9195,12381,15272,9722,6275,12549
"WA9:358 (Persons : Employees : SIC 95 Medical & other health services: Veterinary services )",6290,17526,12019,9194,11575,11232,15866,18446,11546,7719,15048
"WA9:67 (Males : Employees : SIC 96 Other services provided to the general public )",760,1824,1283,1039,1322,1329,2769,2372,1405,778,1527
"WA9:213 (Females : Employees : SIC 96 Other services provided to the general public )",3209,8394,6453,4831,6090,5850,8590,9428,6041,3344,6758
"WA9:359 (Persons : Employees : SIC 96 Other services provided to the general public )",3969,10218,7736,5870,7412,7179,11359,11800,7446,4122,8285
"WA9:68 (Males : Employees : SIC 97 Recreational services & other cultural services )",799,2255,1485,1124,1496,1735,4558,3047,1442,1013,2097
"WA9:214 (Females : Employees : SIC 97 Recreational services & other cultural services )",1038,2687,1792,1389,1716,1862,4256,2949,1618,1064,2228
"WA9:360 (Persons : Employees : SIC 97 Recreational services & other cultural services )",1837,4942,3277,2513,3212,3597,8814,5996,3060,2077,4325
"WA9:69 (Males : Employees : SIC 98 Personal services )",113,478,285,266,301,377,682,602,310,138,304
"WA9:215 (Females : Employees : SIC 98 Personal services )",570,1538,1134,966,1188,1418,1861,2341,1277,527,1065
"WA9:361 (Persons : Employees : SIC 98 Personal services )",683,2016,1419,1232,1489,1795,2543,2943,1587,665,1369
"WA9:70 (Males : Employees : SIC 99 Domestic services )",7,10,10,15,30,21,50,95,50,12,25
"WA9:216 (Females : Employees : SIC 99 Domestic services )",133,383,295,420,413,602,785,1132,604,152,627
"WA9:362 (Persons : Employees : SIC 99 Domestic services )",140,393,305,435,443,623,835,1227,654,164,652
"WA9:71 (Males : Employees : SIC 00 Diplomatic representation, international organisations, allied armed forces )",4,23,67,93,8,1104,442,389,70,51,167
"WA9:217 (Females : Employees : SIC 00 Diplomatic representation, international organisations, allied armed forces )",1,22,25,20,4,270,269,113,10,7,71
"WA9:363 (Persons : Employees : SIC 00 Diplomatic representation, international organisations, allied armed forces )",5,45,92,113,12,1374,711,502,80,58,238
"WA9:72 (Males : Employees : SIC Industry not stated or not adequately described )",189,676,378,281,546,472,1241,707,369,255,310
"WA9:218 (Females : Employees : SIC Industry not stated or not adequately described )",156,571,326,296,494,424,1157,699,373,251,300
"WA9:364 (Persons : Employees : SIC Industry not stated or not adequately described )",345,1247,704,577,1040,896,2398,1406,742,506,610
"WA9:73 (Males : Employees : SIC Workplace outside GB )",206,259,200,137,105,175,247,312,213,112,273
"WA9:219 (Females : Employees : SIC Workplace outside GB )",19,65,42,46,45,82,139,116,59,19,54
"WA9:365 (Persons : Employees : SIC Workplace outside GB )",225,324,242,183,150,257,386,428,272,131,327
"WA9:74 (Males : Self Employed )",6370,23981,17578,16034,19470,24286,27697,36020,24550,11884,15190
"WA9:220 (Females : Self Employed )",2120,7580,5330,4649,5288,6165,7669,10152,7320,3451,4534
"WA9:366 (Persons : Self Employed )",8490,31561,22908,20683,24758,30451,35366,46172,31870,15335,19724
"WA9:75 (Males : Self employed : SIC 0 Agriculture, Forestry and Fishing )",548,1837,1573,1541,1732,1831,251,2108,3357,2253,2431
"WA9:221 (Females : Self employed : SIC 0 Agriculture, Forestry and Fishing )",88,342,255,229,271,318,38,368,579,407,327
"WA9:367 (Persons : Self employed : SIC 0 Agriculture, Forestry and Fishing )",636,2179,1828,1770,2003,2149,289,2476,3936,2660,2758
"WA9:76 (Males : Self employed : SIC 01 Agriculture and horticulture )",477,1778,1491,1514,1687,1748,243,1937,3111,2134,1935
"WA9:222 (Females : Self employed : SIC 01 Agriculture and horticulture )",88,339,255,228,270,316,38,364,571,406,317
"WA9:368 (Persons : Self employed : SIC 01 Agriculture and horticulture )",565,2117,1746,1742,1957,2064,281,2301,3682,2540,2252
"WA9:77 (Males : Self employed : SIC 02 Forestry )",25,27,35,21,42,31,7,120,87,87,143
"WA9:223 (Females : Self employed : SIC 02 Forestry )",0,2,0,1,1,2,0,2,1,0,4
"WA9:369 (Persons : Self employed : SIC 02 Forestry )",25,29,35,22,43,33,7,122,88,87,147
"WA9:78 (Males : Self employed : SIC 03 Fishing )",46,32,47,6,3,52,1,51,159,32,353
"WA9:224 (Females : Self employed : SIC 03 Fishing )",0,1,0,0,0,0,0,2,7,1,6
"WA9:370 (Persons : Self employed : SIC 03 Fishing )",46,33,47,6,3,52,1,53,166,33,359
"WA9:79 (Males : Self employed : SIC 1 Energy and Water Supply Industries )",3,3,7,4,1,4,2,3,4,3,9
"WA9:225 (Females : Self employed : SIC 1 Energy and Water Supply Industries )",1,0,1,0,0,0,1,0,0,0,0
"WA9:371 (Persons : Self employed : SIC 1 Energy and Water Supply Industries )",4,3,8,4,1,4,3,3,4,3,9
"WA9:80 (Males : Self employed : SIC 11 Coal extraction & manufacture of solid fuels )",0,2,3,2,1,0,0,0,3,2,0
"WA9:226 (Females : Self employed : SIC 11 Coal extraction & manufacture of solid fuels )",1,0,0,0,0,0,0,0,0,0,0
"WA9:372 (Persons : Self employed : SIC 11 Coal extraction & manufacture of solid fuels )",1,2,3,2,1,0,0,0,3,2,0
"WA9:81 (Males : Self employed : SIC 12 Coke ovens )",0,0,0,0,0,0,0,0,0,0,0
"WA9:227 (Females : Self employed : SIC 12 Coke ovens )",0,0,0,0,0,0,0,0,0,0,0
"WA9:373 (Persons : Self employed : SIC 12 Coke ovens )",0,0,0,0,0,0,0,0,0,0,0
"WA9:82 (Males : Self employed : SIC 13 Extraction of mineral oil & natural gas )",3,1,3,2,0,4,2,2,1,0,9
"WA9:228 (Females : Self employed : SIC 13 Extraction of mineral oil & natural gas )",0,0,0,0,0,0,1,0,0,0,0
"WA9:374 (Persons : Self employed : SIC 13 Extraction of mineral oil & natural gas )",3,1,3,2,0,4,3,2,1,0,9
"WA9:83 (Males : Self employed : SIC 14 Mineral oil processing )",0,0,1,0,0,0,0,1,0,1,0
"WA9:229 (Females : Self employed : SIC 14 Mineral oil processing )",0,0,1,0,0,0,0,0,0,0,0
"WA9:375 (Persons : Self employed : SIC 14 Mineral oil processing )",0,0,2,0,0,0,0,1,0,1,0
"WA9:84 (Males : Self employed : SIC 15 Nuclear fuel production )",0,0,0,0,0,0,0,0,0,0,0
"WA9:230 (Females : Self employed : SIC 15 Nuclear fuel production )",0,0,0,0,0,0,0,0,0,0,0
"WA9:376 (Persons : Self employed : SIC 15 Nuclear fuel production )",0,0,0,0,0,0,0,0,0,0,0
"WA9:85 (Males : Self employed : SIC 16 Production & distribution of electricity, gas & other forms of energy )",0,0,0,0,0,0,0,0,0,0,0
"WA9:231 (Females : Self employed : SIC 16 Production & distribution of electricity, gas & other forms of energy )",0,0,0,0,0,0,0,0,0,0,0
"WA9:377 (Persons : Self employed : SIC 16 Production & distribution of electricity, gas & other forms of energy )",0,0,0,0,0,0,0,0,0,0,0
"WA9:86 (Males : Self employed : SIC 17 Water supply industry )",0,0,0,0,0,0,0,0,0,0,0
"WA9:232 (Females : Self employed : SIC 17 Water supply industry )",0,0,0,0,0,0,0,0,0,0,0
"WA9:378 (Persons : Self employed : SIC 17 Water supply industry )",0,0,0,0,0,0,0,0,0,0,0
"WA9:87 (Males : Self employed : SIC 2 Extraction of Minerals and Ores other than Fuels; Manuf of Metals, Mineral Products & Chemicals )",25,65,83,51,74,57,39,70,101,38,37
"WA9:233 (Females : Self employed : SIC 2 Extraction of Minerals and Ores other than Fuels; Manuf of Metals, Mineral Products & Chemicals )",10,20,17,18,18,16,13,40,44,19,19
"WA9:379 (Persons : Self employed : SIC 2 Extraction of Minerals and Ores other than Fuels; Manuf of Metals, Mineral Products & Chemicals )",35,85,100,69,92,73,52,110,145,57,56
"WA9:88 (Males : Self employed : SIC 21 Extraction & preparation of metalliferous ores )",0,0,0,0,0,0,0,0,0,0,0
"WA9:234 (Females : Self employed : SIC 21 Extraction & preparation of metalliferous ores )",0,0,0,0,0,0,0,0,0,0,0
"WA9:380 (Persons : Self employed : SIC 21 Extraction & preparation of metalliferous ores )",0,0,0,0,0,0,0,0,0,0,0
"WA9:89 (Males : Self employed : SIC 22 Metal manufacturing )",1,7,10,5,7,7,5,7,4,0,1
"WA9:235 (Females : Self employed : SIC 22 Metal manufacturing )",0,0,1,1,0,0,1,0,0,1,0
"WA9:381 (Persons : Self employed : SIC 22 Metal manufacturing )",1,7,11,6,7,7,6,7,4,1,1
"WA9:90 (Males : Self employed : SIC 23 Extraction of minerals, nes )",1,2,10,1,0,5,0,1,15,1,4
"WA9:236 (Females : Self employed : SIC 23 Extraction of minerals, nes )",0,2,1,0,0,0,0,0,1,0,0
"WA9:382 (Persons : Self employed : SIC 23 Extraction of minerals, nes )",1,4,11,1,0,5,0,1,16,1,4
"WA9:91 (Males : Self employed : SIC 24 Manufacture of non-metallic mineral products )",15,42,52,35,65,39,29,51,72,32,26
"WA9:237 (Females : Self employed : SIC 24 Manufacture of non-metallic mineral products )",9,14,13,13,17,14,12,37,35,17,17
"WA9:383 (Persons : Self employed : SIC 24 Manufacture of non-metallic mineral products )",24,56,65,48,82,53,41,88,107,49,43
"WA9:92 (Males : Self employed : SIC 25 Chemical industry )",8,14,11,10,2,6,5,11,10,5,6
"WA9:238 (Females : Self employed : SIC 25 Chemical industry )",1,4,2,4,1,2,0,3,8,1,2
"WA9:384 (Persons : Self employed : SIC 25 Chemical industry )",9,18,13,14,3,8,5,14,18,6,8
"WA9:93 (Males : Self employed : SIC 26 Production of man-made fibres )",0,0,0,0,0,0,0,0,0,0,0
"WA9:239 (Females : Self employed : SIC 26 Production of man-made fibres )",0,0,0,0,0,0,0,0,0,0,0
"WA9:385 (Persons : Self employed : SIC 26 Production of man-made fibres )",0,0,0,0,0,0,0,0,0,0,0
"WA9:94 (Males : Self employed : SIC 3 Metal goods, Engineering & Vehicles Industries )",152,664,484,515,757,839,534,1107,668,241,313
"WA9:240 (Females : Self employed : SIC 3 Metal goods, Engineering & Vehicles Industries )",13,50,31,41,41,60,27,67,42,6,20
"WA9:386 (Persons : Self employed : SIC 3 Metal goods, Engineering & Vehicles Industries )",165,714,515,556,798,899,561,1174,710,247,333
"WA9:95 (Males : Self employed : SIC 31 Manuf. of metal goods, nes )",25,141,133,130,187,207,127,236,138,62,99
"WA9:241 (Females : Self employed : SIC 31 Manuf. of metal goods, nes )",2,13,6,11,10,10,3,12,5,2,6
"WA9:387 (Persons : Self employed : SIC 31 Manuf. of metal goods, nes )",27,154,139,141,197,217,130,248,143,64,105
"WA9:96 (Males : Self employed : SIC 32 Mechanical engineering )",79,289,230,258,381,361,188,522,300,103,126
"WA9:242 (Females : Self employed : SIC 32 Mechanical engineering )",6,14,13,14,15,20,10,23,14,1,6
"WA9:388 (Persons : Self employed : SIC 32 Mechanical engineering )",85,303,243,272,396,381,198,545,314,104,132
"WA9:97 (Males : Self employed : SIC 33 Manuf. of office machinery & DP equipment )",2,3,2,3,5,9,8,12,8,1,3
"WA9:243 (Females : Self employed : SIC 33 Manuf. of office machinery & DP equipment )",0,1,0,1,0,0,0,1,2,0,1
"WA9:389 (Persons : Self employed : SIC 33 Manuf. of office machinery & DP equipment )",2,4,2,4,5,9,8,13,10,1,4
"WA9:98 (Males : Self employed : SIC 34 Electrical & electronic engineering )",31,159,69,66,108,131,163,189,117,41,32
"WA9:244 (Females : Self employed : SIC 34 Electrical & electronic engineering )",2,13,7,10,10,21,8,22,16,1,4
"WA9:390 (Persons : Self employed : SIC 34 Electrical & electronic engineering )",33,172,76,76,118,152,171,211,133,42,36
"WA9:99 (Males : Self employed : SIC 35 Manufacture of motor vehicles & parts thereof )",1,10,13,15,15,27,2,18,19,5,3
"WA9:245 (Females : Self employed : SIC 35 Manufacture of motor vehicles & parts thereof )",1,0,1,1,1,2,1,4,1,0,1
"WA9:391 (Persons : Self employed : SIC 35 Manufacture of motor vehicles & parts thereof )",2,10,14,16,16,29,3,22,20,5,4
"WA9:100 (Males : Self employed : SIC 36 Manufacture of other transport equipment )",6,28,14,18,30,58,7,77,44,12,17
"WA9:246 (Females : Self employed : SIC 36 Manufacture of other transport equipment )",0,4,1,3,1,3,0,1,1,1,2
"WA9:392 (Persons : Self employed : SIC 36 Manufacture of other transport equipment )",6,32,15,21,31,61,7,78,45,13,19
"WA9:101 (Males : Self employed : SIC 37 Instrument engineering )",8,34,23,25,31,46,39,53,42,17,33
"WA9:247 (Females : Self employed : SIC 37 Instrument engineering )",2,5,3,1,4,4,5,4,3,1,0
"WA9:393 (Persons : Self employed : SIC 37 Instrument engineering )",10,39,26,26,35,50,44,57,45,18,33
"WA9:102 (Males : Self employed : SIC 4 Other Manufacturing Industries )",331,1501,993,884,983,1206,1101,1709,1195,471,1004
"WA9:248 (Females : Self employed : SIC 4 Other Manufacturing Industries )",83,345,237,293,269,327,427,491,377,116,212
"WA9:394 (Persons : Self employed : SIC 4 Other Manufacturing Industries )",414,1846,1230,1177,1252,1533,1528,2200,1572,587,1216
"WA9:103 (Males : Self employed : SIC 41 Food, drink & tobacco manufacturing industries )",20,97,78,37,40,71,49,65,62,50,72
"WA9:249 (Females : Self employed : SIC 41 Food, drink & tobacco manufacturing industries )",14,55,42,16,23,25,13,37,35,25,21
"WA9:395 (Persons : Self employed : SIC 41 Food, drink & tobacco manufacturing industries )",34,152,120,53,63,96,62,102,97,75,93
"WA9:104 (Males : Self employed : SIC 43 Textile industry )",8,28,31,58,12,14,16,17,14,7,42
"WA9:250 (Females : Self employed : SIC 43 Textile industry )",4,25,22,41,11,15,12,20,21,9,30
"WA9:396 (Persons : Self employed : SIC 43 Textile industry )",12,53,53,99,23,29,28,37,35,16,72
"WA9:105 (Males : Self employed : SIC 44 Manufacture of leather & leather goods )",2,6,3,6,12,6,21,14,9,0,5
"WA9:251 (Females : Self employed : SIC 44 Manufacture of leather & leather goods )",1,2,1,5,2,5,3,6,13,3,2
"WA9:397 (Persons : Self employed : SIC 44 Manufacture of leather & leather goods )",3,8,4,11,14,11,24,20,22,3,7
"WA9:106 (Males : Self employed : SIC 45 Footwear and clothing industries )",5,100,42,82,100,60,209,52,34,11,24
"WA9:252 (Females : Self employed : SIC 45 Footwear and clothing industries )",30,170,92,161,123,164,218,190,159,37,77
"WA9:398 (Persons : Self employed : SIC 45 Footwear and clothing industries )",35,270,134,243,223,224,427,242,193,48,101
"WA9:107 (Males : Self employed : SIC 46 Timber & wooden furniture industries )",225,1026,652,526,571,710,427,1060,788,317,733
"WA9:253 (Females : Self employed : SIC 46 Timber & wooden furniture industries )",10,33,23,21,27,26,26,52,45,13,32
"WA9:399 (Persons : Self employed : SIC 46 Timber & wooden furniture industries )",235,1059,675,547,598,736,453,1112,833,330,765
"WA9:108 (Males : Self employed : SIC 47 Manufacture of paper and paper products; printing & publishing )",41,141,105,107,110,226,250,328,182,45,81
"WA9:254 (Females : Self employed : SIC 47 Manufacture of paper and paper products; printing & publishing )",16,34,35,29,44,66,127,138,69,18,26
"WA9:400 (Persons : Self employed : SIC 47 Manufacture of paper and paper products; printing & publishing )",57,175,140,136,154,292,377,466,251,63,107
"WA9:109 (Males : Self employed : SIC 48 Processing of rubber and plastics )",15,40,24,24,33,30,13,55,35,14,9
"WA9:255 (Females : Self employed : SIC 48 Processing of rubber and plastics )",1,4,5,4,9,4,2,9,5,0,5
"WA9:401 (Persons : Self employed : SIC 48 Processing of rubber and plastics )",16,44,29,28,42,34,15,64,40,14,14
"WA9:110 (Males : Self employed : SIC 49 Other manufacturing industries )",15,63,58,44,105,89,116,118,71,27,38
"WA9:256 (Females : Self employed : SIC 49 Other manufacturing industries )",7,22,17,16,30,22,26,39,30,11,19
"WA9:402 (Persons : Self employed : SIC 49 Other manufacturing industries )",22,85,75,60,135,111,142,157,101,38,57
"WA9:111 (Males : Self employed : SIC 5 Construction )",1392,6212,4734,4819,5725,8223,7516,12250,7764,3305,2898
"WA9:257 (Females : Self employed : SIC 5 Construction )",38,118,80,95,78,152,116,211,148,51,79
"WA9:403 (Persons : Self employed : SIC 5 Construction )",1430,6330,4814,4914,5803,8375,7632,12461,7912,3356,2977
"WA9:112 (Males : Self employed : SIC 50 Construction )",1392,6212,4734,4819,5725,8223,7516,12250,7764,3305,2898
"WA9:258 (Females : Self employed : SIC 50 Construction )",38,118,80,95,78,152,116,211,148,51,79
"WA9:404 (Persons : Self employed : SIC 50 Construction )",1430,6330,4814,4914,5803,8375,7632,12461,7912,3356,2977
"WA9:113 (Males : Self employed : SIC 6 Distribution, Hotels and Catering; Repairs )",1773,6268,4672,3914,4701,4929,5686,6991,5111,2740,3619
"WA9:259 (Females : Self employed : SIC 6 Distribution, Hotels and Catering; Repairs )",840,3293,2298,1764,1994,1939,1836,2959,2752,1466,1891
"WA9:405 (Persons : Self employed : SIC 6 Distribution, Hotels and Catering; Repairs )",2613,9561,6970,5678,6695,6868,7522,9950,7863,4206,5510
"WA9:114 (Males : Self employed : SIC 61 Wholesale distribution (except dealing in scrap and waste materials) )",166,566,461,423,534,500,453,728,521,283,443
"WA9:260 (Females : Self employed : SIC 61 Wholesale distribution (except dealing in scrap and waste materials) )",20,118,82,88,89,99,81,156,119,44,95
"WA9:406 (Persons : Self employed : SIC 61 Wholesale distribution (except dealing in scrap and waste materials) )",186,684,543,511,623,599,534,884,640,327,538
"WA9:115 (Males : Self employed : SIC 62 Dealing in scrap & waste materials )",16,58,43,58,65,44,30,58,41,22,42
"WA9:261 (Females : Self employed : SIC 62 Dealing in scrap & waste materials )",4,3,0,4,2,2,1,3,5,1,3
"WA9:407 (Persons : Self employed : SIC 62 Dealing in scrap & waste materials )",20,61,43,62,67,46,31,61,46,23,45
"WA9:116 (Males : Self employed : SIC 63 Commission agents )",9,56,47,43,67,77,191,118,51,14,13
"WA9:262 (Females : Self employed : SIC 63 Commission agents )",0,15,13,6,15,14,39,27,13,6,2
"WA9:408 (Persons : Self employed : SIC 63 Commission agents )",9,71,60,49,82,91,230,145,64,20,15
"WA9:117 (Males : Self employed : SIC 64 Retail distribution )",947,3326,2448,1990,2375,2377,3028,3269,2300,1308,1719
"WA9:263 (Females : Self employed : SIC 64 Retail distribution )",528,1977,1428,1099,1253,1127,1168,1670,1370,797,1026
"WA9:409 (Persons : Self employed : SIC 64 Retail distribution )",1475,5303,3876,3089,3628,3504,4196,4939,3670,2105,2745
"WA9:118 (Males : Self employed : SIC 66 Hotels and catering )",326,1134,891,645,741,826,1070,1289,1205,659,830
"WA9:264 (Females : Self employed : SIC 66 Hotels and catering )",267,1131,732,529,588,643,522,1025,1184,589,728
"WA9:410 (Persons : Self employed : SIC 66 Hotels and catering )",593,2265,1623,1174,1329,1469,1592,2314,2389,1248,1558
"WA9:119 (Males : Self employed : SIC 67 Repair of consumer goods & vehicles )",309,1128,782,755,919,1105,914,1529,993,454,572
"WA9:265 (Females : Self employed : SIC 67 Repair of consumer goods & vehicles )",21,49,43,38,47,54,25,78,61,29,37
"WA9:411 (Persons : Self employed : SIC 67 Repair of consumer goods & vehicles )",330,1177,825,793,966,1159,939,1607,1054,483,609
"WA9:120 (Males : Self employed : SIC 7 Transport and Communication )",579,1958,1216,950,1039,1484,2612,2051,1036,538,1396
"WA9:266 (Females : Self employed : SIC 7 Transport and Communication )",60,152,135,92,111,115,98,200,120,80,136
"WA9:412 (Persons : Self employed : SIC 7 Transport and Communication )",639,2110,1351,1042,1150,1599,2710,2251,1156,618,1532
"WA9:121 (Males : Self employed : SIC 71 Railways )",0,0,0,0,0,0,0,0,0,0,0
"WA9:267 (Females : Self employed : SIC 71 Railways )",0,0,0,0,0,0,0,0,0,0,0
"WA9:413 (Persons : Self employed : SIC 71 Railways )",0,0,0,0,0,0,0,0,0,0,0
"WA9:122 (Males : Self employed : SIC 72 Other inland transport )",531,1814,1080,852,940,1306,2253,1694,878,473,1293
"WA9:268 (Females : Self employed : SIC 72 Other inland transport )",32,93,73,55,63,67,38,119,76,47,104
"WA9:414 (Persons : Self employed : SIC 72 Other inland transport )",563,1907,1153,907,1003,1373,2291,1813,954,520,1397
"WA9:123 (Males : Self employed : SIC 74 Sea transport )",2,0,12,2,0,3,2,16,17,3,6
"WA9:269 (Females : Self employed : SIC 74 Sea transport )",0,0,0,0,0,0,1,0,1,0,1
"WA9:415 (Persons : Self employed : SIC 74 Sea transport )",2,0,12,2,0,3,3,16,18,3,7
"WA9:124 (Males : Self employed : SIC 75 Air transport )",0,2,0,3,3,1,1,15,5,0,2
"WA9:270 (Females : Self employed : SIC 75 Air transport )",0,0,0,0,1,0,0,2,0,0,0
"WA9:416 (Persons : Self employed : SIC 75 Air transport )",0,2,0,3,4,1,1,17,5,0,2
"WA9:125 (Males : Self employed : SIC 76 Supporting services to transport )",11,18,15,4,8,16,14,39,26,11,24
"WA9:271 (Females : Self employed : SIC 76 Supporting services to transport )",0,1,0,0,1,0,0,4,1,1,1
"WA9:417 (Persons : Self employed : SIC 76 Supporting services to transport )",11,19,15,4,9,16,14,43,27,12,25
"WA9:126 (Males : Self employed : SIC 77 Misc. transport services & storage, not elsewhere specified )",13,81,54,64,54,118,291,212,78,32,31
"WA9:272 (Females : Self employed : SIC 77 Misc. transport services & storage, not elsewhere specified )",8,36,24,22,26,40,53,46,25,12,14
"WA9:418 (Persons : Self employed : SIC 77 Misc. transport services & storage, not elsewhere specified )",21,117,78,86,80,158,344,258,103,44,45
"WA9:127 (Males : Self employed : SIC 79 Postal services & telecommunications )",22,43,55,25,34,40,51,75,32,19,40
"WA9:273 (Females : Self employed : SIC 79 Postal services & telecommunications )",20,22,38,15,20,8,6,29,17,20,16
"WA9:419 (Persons : Self employed : SIC 79 Postal services & telecommunications )",42,65,93,40,54,48,57,104,49,39,56
"WA9:128 (Males : Self employed : SIC 8 Banking, Finance, Insurance, Business Services & Leasing )",701,2579,1773,1594,2240,3085,5026,5544,2556,1045,1656
"WA9:274 (Females : Self employed : SIC 8 Banking, Finance, Insurance, Business Services & Leasing )",257,793,542,545,718,1026,1846,1981,821,343,405
"WA9:420 (Persons : Self employed : SIC 8 Banking, Finance, Insurance, Business Services & Leasing )",958,3372,2315,2139,2958,4111,6872,7525,3377,1388,2061
"WA9:129 (Males : Self employed : SIC 81 Banking and finance )",14,34,27,17,23,31,42,56,25,14,23
"WA9:275 (Females : Self employed : SIC 81 Banking and finance )",24,15,15,10,19,9,13,30,10,6,14
"WA9:421 (Persons : Self employed : SIC 81 Banking and finance )",38,49,42,27,42,40,55,86,35,20,37
"WA9:130 (Males : Self employed : SIC 82 Insurance, except for compulsory Social Security )",41,143,87,79,108,117,138,220,101,61,90
"WA9:276 (Females : Self employed : SIC 82 Insurance, except for compulsory Social Security )",12,22,15,16,25,22,27,34,21,7,8
"WA9:422 (Persons : Self employed : SIC 82 Insurance, except for compulsory Social Security )",53,165,102,95,133,139,165,254,122,68,98
"WA9:131 (Males : Self employed : SIC 83 Business services )",588,2218,1550,1397,1985,2779,4575,4990,2246,885,1462
"WA9:277 (Females : Self employed : SIC 83 Business services )",205,703,475,484,634,949,1724,1833,736,308,348
"WA9:423 (Persons : Self employed : SIC 83 Business services )",793,2921,2025,1881,2619,3728,6299,6823,2982,1193,1810
"WA9:132 (Males : Self employed : SIC 84 Renting of movables )",37,89,53,68,70,78,91,113,79,52,41
"WA9:278 (Females : Self employed : SIC 84 Renting of movables )",13,29,23,27,25,23,25,35,23,14,21
"WA9:424 (Persons : Self employed : SIC 84 Renting of movables )",50,118,76,95,95,101,116,148,102,66,62
"WA9:133 (Males : Self employed : SIC 85 Owning and dealing in real estate )",21,95,56,33,54,80,180,165,105,33,40
"WA9:279 (Females : Self employed : SIC 85 Owning and dealing in real estate )",3,24,14,8,15,23,57,49,31,8,14
"WA9:425 (Persons : Self employed : SIC 85 Owning and dealing in real estate )",24,119,70,41,69,103,237,214,136,41,54
"WA9:134 (Males : Self employed : SIC 9 Other Services )",698,2394,1687,1404,1759,2099,4132,3496,2154,961,1487
"WA9:280 (Females : Self employed : SIC 9 Other Services )",654,2261,1586,1437,1621,2035,2975,3549,2161,841,1301
"WA9:426 (Persons : Self employed : SIC 9 Other Services )",1352,4655,3273,2841,3380,4134,7107,7045,4315,1802,2788
"WA9:135 (Males : Self employed : SIC 91 Public administration, national defence & compulsory Social Services )",0,0,0,0,0,0,0,0,0,0,0
"WA9:281 (Females : Self employed : SIC 91 Public administration, national defence & compulsory Social Services )",0,0,0,0,0,0,0,0,0,0,0
"WA9:427 (Persons : Self employed : SIC 91 Public administration, national defence & compulsory Social Services )",0,0,0,0,0,0,0,0,0,0,0
"WA9:136 (Males : Self employed : SIC 92 Sanitary services )",104,402,276,250,271,359,429,545,272,111,222
"WA9:282 (Females : Self employed : SIC 92 Sanitary services )",12,33,33,38,29,70,73,134,60,16,26
"WA9:428 (Persons : Self employed : SIC 92 Sanitary services )",116,435,309,288,300,429,502,679,332,127,248
"WA9:137 (Males : Self employed : SIC 93 Education )",100,334,245,208,248,277,375,464,288,135,177
"WA9:283 (Females : Self employed : SIC 93 Education )",42,209,129,110,163,207,301,450,217,75,104
"WA9:429 (Persons : Self employed : SIC 93 Education )",142,543,374,318,411,484,676,914,505,210,281
"WA9:138 (Males : Self employed : SIC 94 Research and development )",1,0,4,3,3,6,14,16,6,3,5
"WA9:284 (Females : Self employed : SIC 94 Research and development )",1,2,1,1,2,2,14,8,5,1,7
"WA9:430 (Persons : Self employed : SIC 94 Research and development )",2,2,5,4,5,8,28,24,11,4,12
"WA9:139 (Males : Self employed : SIC 95 Medical & other health services: Veterinary services )",172,546,384,311,410,429,623,696,496,257,412
"WA9:285 (Females : Self employed : SIC 95 Medical & other health services: Veterinary services )",82,266,168,151,199,249,426,518,288,103,205
"WA9:431 (Persons : Self employed : SIC 95 Medical & other health services: Veterinary services )",254,812,552,462,609,678,1049,1214,784,360,617
"WA9:140 (Males : Self employed : SIC 96 Other services provided to the general public )",49,159,107,85,94,106,106,202,185,59,73
"WA9:286 (Females : Self employed : SIC 96 Other services provided to the general public )",47,190,137,95,121,152,130,328,224,111,73
"WA9:432 (Persons : Self employed : SIC 96 Other services provided to the general public )",96,349,244,180,215,258,236,530,409,170,146
"WA9:141 (Males : Self employed : SIC 97 Recreational services & other cultural services )",165,519,420,323,457,566,1871,988,580,240,367
"WA9:287 (Females : Self employed : SIC 97 Recreational services & other cultural services )",91,278,223,199,226,355,1101,608,406,120,220
"WA9:433 (Persons : Self employed : SIC 97 Recreational services & other cultural services )",256,797,643,522,683,921,2972,1596,986,360,587
"WA9:142 (Males : Self employed : SIC 98 Personal services )",107,427,249,219,276,346,709,578,320,153,230
"WA9:288 (Females : Self employed : SIC 98 Personal services )",366,1204,861,807,828,952,872,1385,905,399,477
"WA9:434 (Persons : Self employed : SIC 98 Personal services )",473,1631,1110,1026,1104,1298,1581,1963,1225,552,707
"WA9:143 (Males : Self employed : SIC 99 Domestic services )",0,7,2,5,0,10,5,7,7,3,1
"WA9:289 (Females : Self employed : SIC 99 Domestic services )",13,79,34,36,53,48,58,118,56,16,189
"WA9:435 (Persons : Self employed : SIC 99 Domestic services )",13,86,36,41,53,58,63,125,63,19,190
"WA9:144 (Males : Self employed : SIC 00 Diplomatic representation, international organisations, allied armed forces )",0,0,0,0,0,0,0,0,0,0,0
"WA9:290 (Females : Self employed : SIC 00 Diplomatic representation, international organisations, allied armed forces )",0,0,0,0,0,0,0,0,0,0,0
"WA9:436 (Persons : Self employed : SIC 00 Diplomatic representation, international organisations, allied armed forces )",0,0,0,0,0,0,0,0,0,0,0
"WA9:145 (Males : Self employed : SIC Industry not stated or not adequately described )",154,472,348,339,443,496,732,641,574,277,322
"WA9:291 (Females : Self employed : SIC Industry not stated or not adequately described )",75,204,142,133,166,169,273,278,270,119,140
"WA9:437 (Persons : Self employed : SIC Industry not stated or not adequately described )",229,676,490,472,609,665,1005,919,844,396,462
"WA9:146 (Males : Self employed : SIC Workplace outside GB )",14,28,8,19,16,33,66,50,30,12,18
"WA9:292 (Females : Self employed : SIC Workplace outside GB )",1,2,6,2,1,8,19,8,6,3,4
"WA9:438 (Persons : Self employed : SIC Workplace outside GB )",15,30,14,21,17,41,85,58,36,15,22